{"cameraMode":{"drawMode":0,"name":"Shaded","section":"Shading Mode"},"sceneLighting":true,"audioPlay":false,"sceneViewState":{"m_AlwaysRefresh":false,"showFog":true,"showSkybox":true,"showFlares":true,"showImageEffects":true,"showParticleSystems":true,"showVisualEffectGraphs":true,"m_FxEnabled":true},"in2DMode":false,"pivot":{"x":39.92280578613281,"y":-3.896251678466797,"z":14.15972900390625},"rotation":{"x":0.13570836186408997,"y":0.43045860528945925,"z":-0.06561649590730667,"w":0.8899856209754944},"size":29.119808197021486,"orthographic":false}