{"cameraMode":{"drawMode":0,"name":"Shaded","section":"Shading Mode"},"sceneLighting":true,"audioPlay":false,"sceneViewState":{"m_AlwaysRefresh":false,"showFog":true,"showSkybox":true,"showFlares":true,"showImageEffects":true,"showParticleSystems":true,"showVisualEffectGraphs":true,"m_FxEnabled":true},"in2DMode":false,"pivot":{"x":19.368576049804689,"y":-4.232152462005615,"z":11.379914283752442},"rotation":{"x":0.23971645534038545,"y":-0.07515694200992584,"z":0.018620189279317857,"w":0.9677855372428894},"size":12.76346492767334,"orthographic":false}