{"cameraMode":{"drawMode":0,"name":"Shaded","section":"Shading Mode"},"sceneLighting":true,"audioPlay":false,"sceneViewState":{"m_AlwaysRefresh":false,"showFog":true,"showSkybox":true,"showFlares":true,"showImageEffects":true,"showParticleSystems":true,"showVisualEffectGraphs":true,"m_FxEnabled":true},"in2DMode":false,"pivot":{"x":20.76434326171875,"y":7.9430623054504398,"z":-12.579743385314942},"rotation":{"x":0.26206013560295107,"y":-0.24375605583190919,"z":0.06861276179552078,"w":0.9312814474105835},"size":1.7285082340240479,"orthographic":false}